organization,bpci_id
reading hospital,1342-0000
brandywine hospital,1944-0000
"orthopedic centers of colorado, llc",2286-000
"fusion5, inc.",5918-0001
"fusion5, inc.",5920-0001
"fusion5, inc.",5921-0001
"fusion5, inc.",5922-0001
"fusion5, inc.",5923-0001
"fusion5, inc.",5924-0001
"fusion5, inc.",5924-0001
"fusion5, inc.",5926-0001
"fusion5, inc.",5927-0001
"fusion5, inc.",5928-0001
"fusion5, inc.",5929-0001
"fusion5, inc.",5930-0001
"fusion5, inc.",5932-0001
"fusion5, inc.",5933-0001
"fusion5, inc.",5934-0001
"fusion5, inc.",5935-0001
"fusion5, inc.",5936-0001
"fusion5, inc.",5937-0001
"fusion5, inc.",5938-0001
"fusion5, inc.",5939-0001
"fusion5, inc.",5940-0001
"fusion5, inc.",5941-0001
"fusion5, inc.",5942-0001
"fusion5, inc.",5943-0001
"fusion5, inc.",5945-0001
"fusion5, inc.",5946-0001
"fusion5, inc.",5947-0001
"fusion5, inc.",5948-0001
"fusion5, inc.",5949-0001
"fusion5, inc.",5950-0001
"fusion5, inc.",5951-0001
"fusion5, inc.",5952-0001
"fusion5, inc.",5953-0001
"fusion5, inc.",5954-0001
"fusion5, inc.",5955-0001
"fusion5, inc.",5956-0001
"fusion5, inc.",5957-0001
"fusion5, inc.",5958-0001
"fusion5, inc.",5959-0001
"fusion5, inc.",5960-0001
"fusion5, inc.",5961-0001
"fusion5, inc.",5963-0001
"fusion5, inc.",5964-0001
"fusion5, inc.",5967-0001
